{
  "age": {
    "20_30": {
      "down": 20,
      "up": 30
    },
    "30_40": {
      "down": 30,
      "up": 40
    },
    "40_50": {
      "down": 40,
      "up": 50
    },
    "50_60": {
      "down": 50,
      "up": 60
    },
    "60_70": {
      "down": 60,
      "up": 70
    }
  },
  "income": {
    "woman": {
      "20_30": {
        "uniform": {
          "a": 27000,
          "b": 180000
        },
        "exponential": {
          "lambda": 0.000007
        }
      },
      "30_40": {
        "uniform": {
          "a": 27900,
          "b": 250000
        },
        "exponential": {
          "lambda": 0.0000046
        }
      },
      "40_50": {
        "uniform": {
          "a": 25650,
          "b": 250000
        },
        "exponential": {
          "lambda": 0.0000072
        }
      },
      "50_60": {
        "uniform": {
          "a": 27000,
          "b": 180000
        },
        "exponential": {
          "lambda": 0.0000051
        }
      },
      "60_70": {
        "uniform": {
          "a": 31500,
          "b": 225000
        },
        "exponential": {
          "lambda": 0.0000127
        }
      }
    },
    "man": {
      "20_30": {
        "uniform": {
          "a": 31500,
          "b": 150000
        },
        "exponential": {
          "lambda": 0
        }
      },
      "30_40": {
        "uniform": {
          "a": 30600,
          "b": 200000
        },
        "exponential": {
          "lambda": 0.0000037
        }
      },
      "40_50": {
        "uniform": {
          "a": 27000,
          "b": 360000
        },
        "exponential": {
          "lambda": 0.00000356
        }
      },
      "50_60": {
        "uniform": {
          "a": 27000,
          "b": 450000
        },
        "exponential": {
          "lambda": 0.00000402
        }
      },
      "60_70": {
        "uniform": {
          "a": 40500,
          "b": 112500
        },
        "exponential": {
          "lambda": 0.0000127
        }
      }
    }
  },
  "loan_amount": {
    "woman": {
      "20_30": {
        "uniform": {
          "a": 45000,
          "b": 3000000
        },
        "exponential": {
          "lambda": 0
        }
      },
      "30_40": {
        "uniform": {
          "a": 45000,
          "b": 3000000
        },
        "exponential": {
          "lambda": 0
        }
      },
      "40_50": {
        "uniform": {
          "a": 45000,
          "b": 3000000
        },
        "exponential": {
          "lambda": 0
        }
      },
      "50_60": {
        "uniform": {
          "a": 45000,
          "b": 3000000
        },
        "exponential": {
          "lambda": 0
        }
      },
      "60_70": {
        "uniform": {
          "a": 45000,
          "b": 3000000
        },
        "exponential": {
          "lambda": 0
        }
      }
    },
    "man": {
      "20_30": {
        "uniform": {
          "a": 45000,
          "b": 3000000
        },
        "exponential": {
          "lambda": 0.000002
        }
      },
      "30_40": {
        "uniform": {
          "a": 45000,
          "b": 3000000
        },
        "exponential": {
          "lambda": 0
        }
      },
      "40_50": {
        "uniform": {
          "a": 45000,
          "b": 3000000
        },
        "exponential": {
          "lambda": 0
        }
      },
      "50_60": {
        "uniform": {
          "a": 45000,
          "b": 3000000
        },
        "exponential": {
          "lambda": 0
        }
      },
      "60_70": {
        "uniform": {
          "a": 50940,
          "b": 3000000
        },
        "exponential": {
          "lambda": 0
        }
      }
    }
  },
  "model_parameters": ["EXT_SOURCE_3",
 "DAYS_EMPLOYED",
 "EXT_SOURCE_2",
 "DAYS_REGISTRATION",
 "DAYS_ID_PUBLISH",
 "DAYS_LAST_PHONE_CHANGE",
 "DAYS_BIRTH",
 "AMT_ANNUITY_x",
 "AMT_CREDIT_x",
 "EXT_SOURCE_1",
 "AMT_INCOME_TOTAL",
 "REGION_POPULATION_RELATIVE",
 "AMT_GOODS_PRICE_x",
 "HOUR_APPR_PROCESS_START_x",
 "OWN_CAR_AGE",
 "TOTALAREA_MODE",
 "YEARS_BEGINEXPLUATATION_AVG",
 "LANDAREA_AVG",
 "LANDAREA_MODE",
 "LIVINGAREA_MODE",
 "NONLIVINGAREA_AVG",
 "APARTMENTS_AVG",
 "BASEMENTAREA_AVG",
 "CNT_FAM_MEMBERS",
 "LIVINGAREA_AVG",
 "BASEMENTAREA_MODE",
 "YEARS_BUILD_AVG",
 "NONLIVINGAREA_MODE",
 "APARTMENTS_MODE",
 "YEARS_BEGINEXPLUATATION_MODE",
 "DAYS_DECISION",
 "ENTRANCES_AVG",
 "COMMONAREA_MODE",
 "COMMONAREA_AVG",
 "CNT_CHILDREN",
 "LIVINGAPARTMENTS_AVG",
 "SELLERPLACE_AREA",
 "FLAG_OWN_REALTY",
 "LIVINGAPARTMENTS_MODE",
 "OCCUPATION_TYPE_Laborers",
 "LANDAREA_MEDI",
 "NONLIVINGAREA_MEDI",
 "CODE_GENDER_F",
 "WEEKDAY_APPR_PROCESS_START_x_WEDNESDAY",
 "ORGANIZATION_TYPE_Business_Entity_Type_3",
 "WEEKDAY_APPR_PROCESS_START_x_THURSDAY",
 "FLAG_PHONE",
 "FLOORSMAX_AVG",
 "FLAG_WORK_PHONE",
 "REG_CITY_NOT_WORK_CITY",
 "NAME_FAMILY_STATUS_Civil_marriage",
 "NAME_EDUCATION_TYPE_Higher_education",
 "REG_CITY_NOT_LIVE_CITY",
 "BASEMENTAREA_MEDI",
 "NAME_INCOME_TYPE_Working",
 "OCCUPATION_TYPE_Sales_staff",
 "FLAG_OWN_CAR",
 "YEARS_BUILD_MODE",
 "DAYS_CREDIT",
 "ORGANIZATION_TYPE_Self-employed",
 "REGION_RATING_CLIENT_W_CITY",
 "WEEKDAY_APPR_PROCESS_START_x_MONDAY",
 "LIVINGAREA_MEDI",
 "WEEKDAY_APPR_PROCESS_START_x_FRIDAY",
 "FLOORSMIN_AVG",
 "NAME_EDUCATION_TYPE_Secondary_/_secondary_special",
 "NAME_FAMILY_STATUS_Married",
 "WEEKDAY_APPR_PROCESS_START_x_TUESDAY",
 "LIVE_CITY_NOT_WORK_CITY",
 "REGION_RATING_CLIENT",
 "AMT_CREDIT_SUM",
 "CNT_PAYMENT",
 "AMT_APPLICATION",
 "YEARS_BEGINEXPLUATATION_MEDI",
 "NAME_TYPE_SUITE_x_Unaccompanied",
 "NAME_INCOME_TYPE_Commercial_associate",
 "DAYS_CREDIT_ENDDATE",
 "WALLSMATERIAL_MODE_Stone,_brick",
 "NAME_FAMILY_STATUS_Single_/_not_married",
 "OCCUPATION_TYPE_Core_staff",
 "NONLIVINGAPARTMENTS_AVG",
 "OCCUPATION_TYPE_Drivers",
 "NAME_HOUSING_TYPE_House_/_apartment",
 "DAYS_CREDIT_UPDATE",
 "APARTMENTS_MEDI",
 "NAME_TYPE_SUITE_x_Family",
 "DAYS_FIRST_DUE",
 "ENTRANCES_MODE",
 "FLAG_DOCUMENT_3",
 "ORGANIZATION_TYPE_Business_Entity_Type_2",
 "FLAG_EMAIL",
 "ELEVATORS_AVG",
 "ORGANIZATION_TYPE_Government",
 "WEEKDAY_APPR_PROCESS_START_x_SUNDAY",
 "WEEKDAY_APPR_PROCESS_START_x_SATURDAY",
 "ORGANIZATION_TYPE_Other",
 "DAYS_LAST_DUE_1ST_VERSION",
 "ORGANIZATION_TYPE_Trade:_type_7",
 "NAME_FAMILY_STATUS_Separated",
 "OCCUPATION_TYPE_High_skill_tech_staff",
 "OCCUPATION_TYPE_Managers",
 "AMT_CREDIT_MAX_OVERDUE",
 "ORGANIZATION_TYPE_School",
 "NAME_INCOME_TYPE_State_servant",
 "OCCUPATION_TYPE_Security_staff",
 "NONLIVINGAPARTMENTS_MODE",
 "COMMONAREA_MEDI",
 "FLAG_DOCUMENT_8",
 "NAME_HOUSING_TYPE_With_parents",
 "RATE_DOWN_PAYMENT",
 "NAME_HOUSING_TYPE_Municipal_apartment",
 "OCCUPATION_TYPE_Cooking_staff",
 "ORGANIZATION_TYPE_Construction",
 "AMT_CREDIT_SUM_DEBT",
 "NAME_TYPE_SUITE_x_Spouse,_partner",
 "ORGANIZATION_TYPE_Kindergarten",
 "LIVINGAPARTMENTS_MEDI",
 "OCCUPATION_TYPE_Accountants",
 "FONDKAPREMONT_MODE_reg_oper_account",
 "NAME_CONTRACT_TYPE_x",
 "NAME_EDUCATION_TYPE_Incomplete_higher",
 "AMT_DOWN_PAYMENT",
 "OCCUPATION_TYPE_Cleaning_staff",
 "ORGANIZATION_TYPE_Business_Entity_Type_1",
 "ORGANIZATION_TYPE_Medicine",
 "YEARS_BUILD_MEDI",
 "NAME_FAMILY_STATUS_Widow",
 "OCCUPATION_TYPE_Medicine_staff",
 "FLOORSMIN_MODE",
 "ELEVATORS_MODE",
 "FLOORSMAX_MODE",
 "DAYS_ENDDATE_FACT",
 "ORGANIZATION_TYPE_Trade:_type_3",
 "ORGANIZATION_TYPE_Transport:_type_2",
 "WALLSMATERIAL_MODE_Panel",
 "ORGANIZATION_TYPE_Industry:_type_9",
 "OCCUPATION_TYPE_Low-skill_Laborers",
 "NAME_CLIENT_TYPE_New",
 "NAME_HOUSING_TYPE_Rented_apartment",
 "ORGANIZATION_TYPE_Postal",
 "ORGANIZATION_TYPE_Transport:_type_4",
 "NONLIVINGAPARTMENTS_MEDI",
 "ORGANIZATION_TYPE_Industry:_type_1",
 "ORGANIZATION_TYPE_Industry:_type_3",
 "FLAG_DOCUMENT_5",
 "ORGANIZATION_TYPE_Military",
 "ORGANIZATION_TYPE_Transport:_type_3",
 "WALLSMATERIAL_MODE_Wooden",
 "NAME_HOUSING_TYPE_Office_apartment",
 "ENTRANCES_MEDI",
 "AMT_REQ_CREDIT_BUREAU_DAY",
 "ORGANIZATION_TYPE_Security",
 "ORGANIZATION_TYPE_Industry:_type_7",
 "WALLSMATERIAL_MODE_Block",
